{"LSTM_HAVERSINE_2layers_64embSize_64hiddSize": {"train": [297.8347007545422, 174.86235309309177, 101.77556935132978, 65.54323401873717, 45.900348476150185, 35.24605572346092, 28.20723278833551, 23.312950485421027, 20.533095735250292, 18.945775318980083], "val": [208.73903591772202, 128.7523883246114, 72.42794160104754, 43.594755041239154, 27.986131380903192, 20.034192084527405, 14.415192890627509, 10.431415697136533, 8.600818176771854, 7.8275760532895795]}, "LSTM_HAVERSINE_2layers_64embSize_128hiddSize": {"train": [323.78326523970543, 130.49085201932343, 61.65381288147553, 38.85566566760389, 28.40571967219617, 21.843194743171306, 18.709109938611725, 17.115605136295287, 15.958741955631991, 15.072080542534284], "val": [205.9579451880949, 80.77422382404968, 37.069213503514995, 22.342681842829638, 14.46850288510216, 9.469624081179601, 8.066099494345842, 7.54971906024083, 6.857583388948102, 6.390518906729757]}, "LSTM_HAVERSINE_2layers_128embSize_64hiddSize": {"train": [368.2340919317606, 172.82301493079186, 91.29185260933767, 54.98043388520506, 40.441587192017394, 31.302450172073172, 25.656681350992404, 22.59972814789921, 20.748666350494187, 19.5101807479307], "val": [237.93273779039396, 117.42749134994041, 53.322592461115555, 31.13981903695324, 20.88784964556405, 14.900082368117113, 10.528691561494973, 8.713302989842205, 7.921319078335083, 7.3340592435763945]}, "LSTM_HAVERSINE_2layers_128embSize_128hiddSize": {"train": [258.93117635501295, 81.43970675230842, 39.489442249993125, 26.454420331314335, 19.964440612386685, 17.545879936435913, 16.07226927972375, 14.978623987287113, 14.174597469197792, 13.572063658980191], "val": [125.93670176613041, 41.06087271760774, 21.95465066547595, 11.740482367825992, 7.941737054464452, 7.0193448849459665, 6.6771372417396995, 5.714065623384249, 5.2838148185140374, 5.311006699473257]}, "LSTM_HAVERSINE_4layers_64embSize_64hiddSize": {"train": [333.78495746204817, 218.89508267907237, 174.84225749425354, 125.0358900503316, 86.68805595621404, 69.18161345779691, 58.18471747652666, 49.112868363071, 42.16328259102062, 37.0249694252522], "val": [245.92734154505362, 199.77197209983106, 148.28864070535707, 109.12885606137617, 67.11513227076253, 53.11296204146061, 41.793241253216245, 32.6398678420305, 25.637218959480816, 20.711868990634642]}, "LSTM_HAVERSINE_4layers_64embSize_128hiddSize": {"train": [354.3377297489577, 188.66995496376245, 137.48165523257714, 109.1489414869492, 70.25980219617911, 52.83786824176683, 43.02316243406392, 36.66639640187074, 31.115484899330067, 27.361371991116542], "val": [232.63409261630187, 158.26928766579394, 129.73423156665547, 78.32385291910026, 51.615093778755586, 35.33792129918459, 27.96876934055832, 21.17313582870337, 15.200074209101768, 12.836746265257043]}, "LSTM_HAVERSINE_4layers_128embSize_64hiddSize": {"train": [479.4653626416926, 245.21412533904808, 186.0043317955136, 170.53049215067924, 168.54539732354456, 165.12809034298925, 137.30673719821843, 110.82617475960181, 81.49578816793681, 59.57469792182838], "val": [306.85323248777246, 208.18629199450046, 177.20651360219534, 174.60480777522503, 174.5049696829509, 162.1045511533597, 124.88740564007757, 103.00749416745676, 59.10020594746594, 41.81539801526168]}, "LSTM_HAVERSINE_4layers_128embSize_128hiddSize": {"train": [320.79142465805455, 166.89905337119293, 100.12961675876808, 64.70265050621802, 47.55963803389626, 35.99203150369406, 29.2353498706259, 25.939783387240368, 23.82444906252879, 22.299524265171776], "val": [210.11546469788823, 134.03911473428167, 68.25234267871173, 46.26667043889002, 29.45796527781859, 18.316304194971963, 13.312757913641414, 12.315178781259489, 10.848661910334766, 10.184451119234769]}, "LSTM_HAVERSINE_8layers_64embSize_64hiddSize": {"train": [417.8270077362583, 252.56872100075554, 188.29125659662583, 171.46328284378603, 169.46920508221103, 169.0059444620474, 168.87120948231416, 168.69466101529255], "val": [298.154193737478, 212.9063976510364, 179.235842065789, 175.80958050624028, 174.78867315585455, 175.43272330622733, 175.48042688129385, 175.30288703653432]}, "LSTM_HAVERSINE_8layers_64embSize_128hiddSize": {"train": [335.9746940847856, 203.07636233417196, 169.60216104036596, 167.6538294998581, 150.88281352731292, 124.99242095250783, 109.83708011283309, 84.58427279745503, 62.296892960564, 55.028457360106216], "val": [238.27043429246672, 175.92981623370196, 174.98389645153537, 170.89069626253624, 137.31969757161903, 121.19767216630895, 107.8427607807877, 62.02801606408364, 46.93752148145289, 44.04978620020829]}, "LSTM_HAVERSINE_8layers_128embSize_64hiddSize": {"train": [485.287452091233, 257.75187520012287, 184.54945750796963, 170.5442169584127, 169.42247887426748, 169.0355087228037, 168.84410867730944, 168.0061520721215, 156.10121985921936, 130.3099005616813], "val": [326.7520087687114, 210.3025074669966, 176.57071871673125, 175.0798840975368, 175.77128708903115, 175.0044234450324, 175.5342044290496, 171.75137473388628, 131.6346466495405, 112.10419360919255]}, "LSTM_HAVERSINE_8layers_128embSize_128hiddSize": {"train": [344.09056757030584, 179.20595701732034, 169.26761297238286, 168.67814310044108, 166.03999701231865, 127.66612402972906, 95.55047047042991, 68.11819636191466, 60.73527411065114, 56.93397499917351], "val": [212.60336123329375, 175.01660349723772, 175.82296436716445, 175.4088811551062, 166.88671808447933, 113.92737235811565, 75.00538936556575, 53.045063776374114, 48.91775887982607, 45.919017659689466]}}