{"2layers_64embSize_64hiddSize": {"train": [421.6684413835911, 219.07043610257583, 128.3217163405159, 80.24771507033924, 56.18442707199613, 43.65651208232591, 35.59837117345671, 29.951561488503057, 26.079368337382377, 23.846439403651466], "val": [267.81404145681796, 164.79482725014216, 95.26642509405444, 51.33660219832682, 35.17517294523181, 25.491821247467456, 19.259389621725756, 14.565257565622739, 11.379198305329684, 9.684948559235824]}, "2layers_64embSize_128hiddSize": {"train": [330.848303462943, 136.85055826969952, 66.42445287200243, 44.42223413292561, 32.7692570350795, 25.068872803651413, 21.034235358283563, 19.128886210143044, 17.838503565158895, 16.824702332889505], "val": [207.75539722725608, 87.35781206877533, 44.50910920840526, 28.169268690090046, 18.35171078757692, 11.63240174378356, 8.745511851662753, 7.786627569507162, 7.143593578467045, 6.846548844099769]}, "2layers_128embSize_64hiddSize": {"train": [366.2094816582971, 161.46512893380753, 78.87178794364596, 47.64548384186522, 34.98592752011931, 27.44556877249409, 23.160570238968774, 20.991229601076867, 19.65403858342974, 18.710901145020923], "val": [227.2263377685765, 93.70432084747316, 43.16305322697668, 26.052424378285128, 17.712742970781473, 12.253778197388467, 9.41697989872199, 7.9262212745795155, 7.582817552399807, 7.036622047253845]}, "2layers_128embSize_128hiddSize": {"train": [306.7257111419875, 97.4284874911361, 45.757003961202535, 31.418153757013354, 23.34772539048106, 19.87940905437854, 17.97322423723815, 16.628100309230476, 15.623845900270412, 14.847473264239323], "val": [148.35989720643948, 47.47813901757481, 25.543037845275403, 15.265358152800363, 9.450360711265972, 7.7025350297242445, 6.750790082036771, 6.168794696282582, 5.718435986181383, 5.4041187635218435]}, "4layers_64embSize_64hiddSize": {"train": [363.3685653936097, 226.15413970773145, 186.09349771051998, 159.6185972925464, 129.18960124669124, 117.69189963008841, 91.95749321578799, 70.7071205319085, 59.30970884448632, 49.90155006080764], "val": [261.4944204709914, 204.75987943267322, 179.04066482832155, 144.96206886061026, 130.46574539869184, 117.68528933031571, 70.58053955312694, 57.07467417525768, 43.87401106308848, 34.22878789910257]}, "4layers_64embSize_128hiddSize": {"train": [372.70020743711405, 188.1566058507479, 129.24967720028837, 83.9665633644519, 58.64061766515988, 44.779721735638326, 36.15626297562963, 29.87607582878731, 26.83652157237567, 24.779488571155383], "val": [235.87202960845505, 143.6981022108626, 109.22887837013855, 60.57845109604201, 37.96664605842176, 27.49001034546444, 17.66193086214673, 12.97158924794443, 11.891112831375748, 11.536836980999151]}, "4layers_128embSize_64hiddSize": {"train": [384.26659132419496, 221.23442859439263, 180.24578841751, 158.91744355513325, 125.21930581111334, 111.36564618818386, 89.83658494800612, 62.73784606399623, 50.27205463814255, 40.54643645926817], "val": [262.19652875177354, 196.28227176517382, 175.48771395544355, 147.63396897128746, 124.8668498528101, 113.72181666202087, 62.75730893541304, 47.21084744468716, 32.841613954549636, 22.64672364650477]}, "4layers_128embSize_128hiddSize": {"train": [345.20698257742293, 178.34668084830557, 106.41422851260691, 61.70913514332791, 44.06096482013921, 32.862874415946486, 27.000268999276027, 24.643458347168202, 23.02204542207192, 21.73939678269042], "val": [216.33127399111137, 144.3701995602312, 68.01837649933809, 36.729956273845644, 25.172603001890312, 14.064109817474879, 11.917502590380145, 11.390334979247502, 10.88312009141903, 10.375191453968833]}, "8layers_64embSize_64hiddSize": {"train": [342.65519692880565, 227.82910943856572, 188.93024216771988, 171.93869485198522, 169.42103280074335, 169.1882332982832, 168.9389779608528, 167.98864782659126, 150.82877223615912, 123.08899918560203], "val": [253.72541863178316, 205.01944421589647, 180.1699507251397, 175.16285350258372, 175.22869648842777, 175.55506247908156, 174.6311035401729, 171.76805755446128, 138.96329519793153, 121.44026929701582]}, "8layers_64embSize_128hiddSize": {"train": [343.6561277961949, 213.63780774232234, 175.50980271273758, 162.25119131152826, 130.20154264790335, 112.645043130427, 99.21373360780039, 72.20422064954222, 56.67305363553157, 51.39664316449432], "val": [248.800933343296, 195.28606669320214, 173.87165017347616, 145.08855852773615, 121.3998502176609, 112.81944825320677, 87.35509716261913, 51.650961818125694, 41.708275218164225, 38.537259215117565]}, "8layers_128embSize_64hiddSize": {"train": [370.61724764133595, 229.3664804765506, 183.7963092581951, 171.09099872251028, 169.52933525123174, 169.2635932884637, 169.0302733330275], "val": [264.0263179880654, 201.04006751805503, 177.95368052156834, 174.97169109499725, 175.82003611617085, 175.69014601203716, 175.89471351265772]}, "8layers_128embSize_128hiddSize": {"train": [361.64320021811074, 177.60462789147377, 169.01861000568888, 168.60097192276018, 167.5997358099414, 163.3962510298667, 121.54617184783714, 83.69280203452533, 63.42795446083182, 58.1340981748631], "val": [210.38351304779843, 176.71246482632282, 174.7573124539445, 175.99537441397086, 170.46763091151837, 165.5476795981384, 106.09208953044615, 61.2634667864376, 50.89208407817705, 47.58252944359867]}}