{"training_losses": {"final_model": [48.25554989169752, 9.940446298588176, 7.815108060929024, 6.802769315696239, 6.258941805985264, 5.913936822142315, 5.677190074730042, 5.48950405961694, 5.337539177598837, 5.204889556748263, 5.093842795354793, 4.996555269202596, 4.922341321838202, 4.856155333681924, 4.799716441589813, 4.761548038423638, 4.7242763114851725, 4.698933589066481, 4.6763978346942086, 4.654315874024716, 4.631212132734917, 4.615041028000631, 4.589982160270637, 4.5769043365960576]}, "validation_losses": {"final_model": [6.110174402169852, 3.0670074913413545, 2.6493553467921735, 2.309468791765325, 2.230369111384096, 2.4200183263036106, 2.2461868189478587, 2.2114182017730033, 2.218119144692719, 2.154617328980679, 2.181911799964072, 2.169695710687655, 2.3393510159685658, 2.10714568059469, 2.1044357794931687, 2.20088138635987, 2.12327918256681, 2.1813487151017545, 2.070792090159029, 2.224104332266033, 2.122603476878872, 2.1722927947634276, 2.1029414481434263, 2.204170084888824]}, "early_stopping_epochs": {"final_model": 24}}