{
    "training_losses": {
        "final_model": [
            0.10443268312055869,
            0.016265372905453736,
            0.01225567905251818,
            0.010769865126475158,
            0.009825360486347802,
            0.009127306307434939,
            0.008572133330129822,
            0.008116516323659922,
            0.007741390267516859,
            0.007441606362168326,
            0.007153859713480398,
            0.006911055143362899,
            0.0066657549351502214,
            0.0064597684167239395,
            0.006297917052115956,
            0.006122582618977219,
            0.005959339592903153,
            0.0058478024892802275,
            0.005718904793088931,
            0.005621385162594668,
            0.005514901928010347,
            0.005431711857377643,
            0.0053350980078775275,
            0.005263024760977257
        ]
    },
    "validation_losses": {
        "final_model": [
            0.016404889750929838,
            0.005876795895606118,
            0.005573907686357087,
            0.004421346038764861,
            0.004118878883141553,
            0.0038888298638252413,
            0.003463627574276112,
            0.002893514758470176,
            0.0026150757559517982,
            0.0025543292651511056,
            0.002406559182483945,
            0.0023826686543536907,
            0.0021469439426100804,
            0.0024841327080671214,
            0.002073564831233022,
            0.0020509437172058363,
            0.002033692414137713,
            0.0020594562850186487,
            0.0018346531657898791,
            0.0018944845855108292,
            0.0022870126631722824,
            0.002261858109455381,
            0.0019920715118257417,
            0.00208384828580651
        ]
    },
    "early_stopping_epochs": {
        "final_model": 24
    }
}