{
    "training_losses": {
        "final_model": [
            157.26530935274388,
            23.14522654745888,
            13.966108697551647,
            12.12850325836865,
            10.957897784176954,
            10.042353630926947,
            9.310446813589573,
            8.718454128656631,
            8.242830939136201,
            7.860641285760948,
            7.527711808358602,
            7.238097689908607,
            6.997078921399679,
            6.781258765606727,
            6.588690395086584,
            6.454814221549869,
            6.303839442617155,
            6.159062640767702,
            6.044003948316371,
            5.954094320912359,
            5.858434489592184,
            5.779481522741624,
            5.683659087884035,
            5.61861798228577,
            5.542662021785748,
            5.4835531299146085,
            5.415375604832719,
            5.373513152772401,
            5.328669957539457,
            5.276563537125124,
            5.222117988414909,
            5.1768257034173635,
            5.161896234817477,
            5.121856708998455,
            5.0727700244308425,
            5.029456495765143,
            5.010774062918859,
            4.981849362162228,
            4.970656003621392,
            4.924575838641425,
            4.895109816121039
        ]
    },
    "validation_losses": {
        "final_model": [
            42.31134761025329,
            7.73886135683163,
            6.7425959084438505,
            5.5444461903417155,
            4.780874317303462,
            4.444397931494867,
            3.6290456943133247,
            3.1968368296158443,
            3.1087468406353618,
            2.68542175559791,
            2.613415392727628,
            2.979115660009832,
            2.7157653359299534,
            2.387758550015598,
            2.5659516873342465,
            2.34408111692766,
            2.425773772522,
            2.367152111840162,
            2.554559742070277,
            2.392403986695011,
            2.1915482583889463,
            2.2770758755370597,
            2.1659959890351828,
            2.286659738432199,
            2.241970844217156,
            2.148769742099817,
            2.2946284305748095,
            2.154908155491206,
            2.121604528883304,
            2.2550496319140767,
            2.262901209106514,
            2.3095375318819866,
            2.017180854232733,
            2.0351437132281087,
            2.0832995580852245,
            1.985958190601225,
            2.1478338056523016,
            2.012816875419892,
            2.0588535720260563,
            1.9958282603683886,
            2.0558129555481868
        ]
    },
    "early_stopping_epochs": {
        "final_model": 41
    }
}