sog_mean,sog_median,sog_std,sog_min,sog_max,sog_p90,sog_p95,sog_p99,num_outliers_above_30ms
3.5866868093416024,3.581621484848485,3.3309598031156833,0.0,20.164910601257862,7.808149140914286,9.431576222133334,12.1957802065633,0
